Teams,Real chance of winning,"WINS
weighted Odds","Back ""H""
if aggr. weighted
over Historic",Median Odds,"SMALL spread
spec. bets
using
small-spread Odds","BIG spread
spec. bets
using ""great Odds""",Small Spread Odds,Higher Than Pinnacle
Real Madrid,"0,65","-1,76","1,24","-1,87","3,14","0,00","-0,86","-1,1875"
Valencia,"0,40","-1,60","3,40","-1,71","3,30","0,00","-0,70","-1,3525"
Barcelona,"0,75","0,85","1,13","0,79","5,79","0,00","1,79","1,82"
Ath Madrid,"0,65","0,00","0,10","-0,03","8,98","0,00","0,97","1,46"
Sociedad,"0,55","0,53","1,52","0,47","8,47","0,00","1,47","0,8575"
Villarreal,"0,60","2,44","3,42","2,35","6,35","0,00","3,35","2,97"
La Coruna,#N/A,#N/A,#N/A,#N/A,#N/A,#N/A,#N/A,#N/A
FC Sevilla,"0,35","-6,64","-6,78","-6,67","-3,67","0,00","-5,67","-6,4975"
Celta,"0,35","-5,23","0,11","-5,25","-3,25","0,00","-4,25","-3,85"
Betis,"0,45","-3,37","-3,50","-3,47","-2,47","0,00","-2,47","-2,3725"
Osasuna,"0,55","1,62","6,86","4,69","6,69","0,00","6,69","4,7575"
Malaga,#N/A,#N/A,#N/A,#N/A,#N/A,#N/A,#N/A,#N/A
Ath Bilbao,"0,40","-6,40","-1,54","-6,42","-1,42","0,00","-5,42","-5,0575"
Espanol,"0,20","-10,07","-9,07","-10,13","-8,13","0,00","-9,13","-9,07"
Mallorca,"0,50","9,90","11,90","9,73","10,73","0,00","10,73","8,7925"
Getafe,"0,35","-0,21","1,79","-0,40","1,60","0,00","0,60","0,79"
Saragossa,#N/A,#N/A,#N/A,#N/A,#N/A,#N/A,#N/A,#N/A
Santander,#N/A,#N/A,#N/A,#N/A,#N/A,#N/A,#N/A,#N/A
Levante,#N/A,#N/A,#N/A,#N/A,#N/A,#N/A,#N/A,#N/A
Granada,#N/A,#N/A,#N/A,#N/A,#N/A,#N/A,#N/A,#N/A
Huelva,#N/A,#N/A,#N/A,#N/A,#N/A,#N/A,#N/A,#N/A
Almeria,"0,50","10,74","9,92","10,61","12,61","0,00","11,61","11,74"
Vallecano,"0,45","4,77","4,58","4,61","6,61","0,00","5,61","5,7725"
Alaves,#N/A,#N/A,#N/A,#N/A,#N/A,#N/A,#N/A,#N/A
Eibar,#N/A,#N/A,#N/A,#N/A,#N/A,#N/A,#N/A,#N/A
Gijon,#N/A,#N/A,#N/A,#N/A,#N/A,#N/A,#N/A,#N/A
Girona,"0,50","3,58","3,35","6,33","8,33","0,00","7,33","9,3875"
Las Palmas,#N/A,#N/A,#N/A,#N/A,#N/A,#N/A,#N/A,#N/A
Cadiz,"0,35","3,19","7,19","3,09","4,09","0,00","4,09","4,185"
Elche,"0,15","-1,35","-0,35","-1,32","1,69","0,00","1,69","-0,3475"
Leganes,#N/A,#N/A,#N/A,#N/A,#N/A,#N/A,#N/A,#N/A
Valladolid,"0,40","2,27","4,45","2,10","4,10","0,00","3,10","3,27"
Albacete,#N/A,#N/A,#N/A,#N/A,#N/A,#N/A,#N/A,#N/A
Teneriffa,#N/A,#N/A,#N/A,#N/A,#N/A,#N/A,#N/A,#N/A
Huesca,#N/A,#N/A,#N/A,#N/A,#N/A,#N/A,#N/A,#N/A
Numancia,#N/A,#N/A,#N/A,#N/A,#N/A,#N/A,#N/A,#N/A
Murcia,#N/A,#N/A,#N/A,#N/A,#N/A,#N/A,#N/A,#N/A
Alicante,#N/A,#N/A,#N/A,#N/A,#N/A,#N/A,#N/A,#N/A
Tarragona,#N/A,#N/A,#N/A,#N/A,#N/A,#N/A,#N/A,#N/A
Xerez,#N/A,#N/A,#N/A,#N/A,#N/A,#N/A,#N/A,#N/A
Cordoba,#N/A,#N/A,#N/A,#N/A,#N/A,#N/A,#N/A,#N/A
,,,,,,,,
,,,,,,,,
,,,,,,,,
,,,,,,,,
,,,,,,,,
,,,,,,,,
,,,,,,,,
,,"3,27","39,72","7,51","73,51","0,00","30,51","26,07"